the-boys-girl-from-county-clare,0.0607927
wonder-boys,0.0607927
the-boy,0.0607927
the-boy-next-door,0.0607927
boys-dont-cry,0.0607927
the-boys-of-baraka,0.0607927
boys-life-4-four-play,0.0607927
the-boy-in-the-striped-pajamas,0.0607927
the-dangerous-lives-of-altar-boys,0.0607927
dogtown-and-z-boys,0.0607927
eastern-boys,0.0607927
about-a-boy,0.0607927
grandmas-boy,0.0607927
astro-boy,0.0607927
the-horse-boy,0.0607927
thats-my-boy,0.0607927
phantom-boy,0.0607927
the-internets-own-boy-the-story-of-aaron-swartz,0.0607927
jersey-boys,0.0607927
jimmy-neutron-boy-genius,0.0607927
little-boy,0.0607927
the-lost-boys,0.0607927
bad-boys,0.0607927
bad-boys-ii,0.0607927
boys-and-girls,0.0607927
borstal-boy,0.0607927
baby-boy,0.0607927
cut-sleeve-boys,0.0607927
riding-in-cars-with-boys,0.0607927
good-boy!,0.0607927
planet-b-boy,0.0607927
poster-boy,0.0607927
tommy-boy,0.0607927
the-newton-boys,0.0607927
sorority-boys,0.0607927
